Angel Flowers
(415) 397-5356  Write a Review 	1554 Stockton St
San Francisco, CA Map 	

 
Ann's Flowers & Balloons
(415) 202-0572  Write a Review 	915 Geary St
San Francisco, CA Map 	

 
Arts & Flowers
(650) 654-2651  Write a Review 	3216 Geary Blvd
San Francisco, CA Map 	

 
B Brooks Fine Flowers
(415) 674-5599 Web Site  Write a Review 	3212 Fillmore St
San Francisco, CA Map 	

 
Babaloons & Tunes
(415) 824-6725 Web Site  Write a Review 	3675 19th St
San Francisco, CA Map 	

 
Balboa Green Garden Florist
(415) 221-5358  Write a Review 	3637 Balboa St
San Francisco, CA Map 	

 
Beautiful Orchids
(415) 567-2443  Write a Review 	3319 Sacramento St
San Francisco, CA Map 	

 
Bell & Trunk Flowers
(415) 648-0519  Write a Review 	1411 18th St
San Francisco, CA Map 	

 
Bella Flora
(415) 441-5390  Write a Review 	1475 Polk St
San Francisco, CA Map 	

 
Bloomers Florist
(415) 563-3266  Write a Review 	2975 Washington St
San Francisco, CA Map 	

 
Blooming Alley
(415) 391-6574  Write a Review 	330 Sutter St
San Francisco, CA Map 	

 
Blooming Floral Design Inc
(415) 749-1533  Write a Review 	2182 1/2 Sutter St
San Francisco, CA Map 	

 
Blooming Gazebo
(415) 989-3166  Write a Review 	101 California St
San Francisco, CA Map 	

 
Bo's Flowers
(415) 252-7553  Write a Review 	1520 Market St
San Francisco, CA Map 	

 
Borage Floral Design
(415) 452-0410 Web Site  Write a Review 	731 Bryant St
San Francisco, CA Map 	

 
Botany Shop Florist
(415) 468-0321  	2548 San Bruno Ave
San Francisco, CA Map 	

 
Bouquet
(415) 751-2222  Write a Review 	5815 Geary Blvd
San Francisco, CA Map 	


All You Knead
(415) 552-4550  Write a Review	1466 Haight St
San Francisco, CA Map	

 
Amici's East Coast Pizzeria
(415) 885-4500 Web Site  Write a Review		2033 Union St
San Francisco, CA Map	 

 
Amici's East Coast Pizzeria
(415) 546-6666  Write a Review	216 King St
San Francisco, CA Map	

 
Amici's East Coast Pizzeria
(415) 885-4500	   2200 Lombard St
San Francisco, CA Map	

 
Amina's Pizzeria
(415) 441-4102  Write a Review	655 Divisadero St
San Francisco, CA Map


Arinell Pizza
(415) 255-1303  Write a Review	509 Valencia St
San Francisco, CA Map	

 
Bamboo Pizza
(415) 292-5861  Write a Review	407 Ellis St
San Francisco, CA Map	

 
Bella Pizza
(415) 668-4150  Write a Review	4124 Geary Blvd
San Francisco, CA Map	

 
Best Pizzelle Delivery
(415) 398-4071  Write a Review	314 Columbus Ave
San Francisco, CA Map	

 
Blondies Pizza
(415) 982-6168  Write a Review	63 Powell St
San Francisco, CA Map	

 
Blue Moon Pizza
(415) 775-2580  Write a Review	3244 Scott St
San Francisco, CA Map	

 
Bowzers Pizza
(415) 431-5100  Write a Review	1830 3rd St
San Francisco, CA Map	

 
Bravo Pizza
(415) 585-8500  Write a Review	5145 Mission St
San Francisco, CA Map	

 
Brooklyn Pizza
(415) 351-1117  Write a Review	219 Jones St
San Francisco, CA Map	

 
Brother's Pizza
(415) 753-6004  Write a Review	3627 Taraval St
San Francisco, CA Map	

 
Bus Stop Pizza
(415) 626-5559  Write a Review	256 Divisadero St
San Francisco, CA Map	

 
Cable Car Pizza
(415) 333-3333  Write a Review	4704 Mission St
San Francisco, CA Map	

 
Cable Car Pizza
(415) 431-8880  Write a Review	535 Valencia St
San Francisco, CA Map	

 
Cable Car Pizza
(415) 433-2500  Write a Review	464 Broadway
San Francisco, CA Map	

 
Cable Car Pizza
(415) 333-6133		4724 Geary Blvd
San Francisco, CA Map	

 
Cable Car Pizza
(415) 333-6133		1192 Geneva Ave
San Francisco, CA Map	

 
Cafe Mediterraneo Gourmet
(415) 397-5850  Write a Review	357 Kearny St
San Francisco, CA Map	


California Pizza Kitchen
(415) 436-9380  Write a Review	524 Van Ness Ave
San Francisco, CA Map	

 
California Pizza Kitchen
(415) 563-8911  Write a Review	438 Geary St
San Francisco, CA Map	

 
Capri Ristorante Pizza
(415) 552-3000  Write a Review	2272 Market St
San Francisco, CA Map	

 
Chico's Pizza
(415) 255-1111  Write a Review	131 6th St
San Francisco, CA Map	

 
Columbus Pizzelle Delivery
(415) 398-4035  Write a Review	314 Columbus Ave
San Francisco, CA Map	

 
Cybelle's Front Room
(415) 665-8088 Web Site  Write a Review		1385 9th Ave
San Francisco, CA Map	 

 
Cybelle's Pizza
(415) 431-1722  Write a Review	719 14th St
San Francisco, CA Map	

 
Cybelle's Pizza
(415) 885-6830  Write a Review	1000 Bush St
San Francisco, CA Map	

 
Cybelle's Pizza
(415) 563-0620 Web Site  Write a Review		2105 Chestnut St
San Francisco, CA Map	 

 
Cybelle's Pizza
(415) 285-3211  Write a Review	3782 24th St
San Francisco, CA Map	

 
Danilo Bakery
(415) 989-1806  Write a Review	516 Green St
San Francisco, CA Map	

 
Deja Vu Pizza & Pasta
(415) 255-1600 Web Site  Write a Review		3227 16th St
San Francisco, CA Map	 

 
Diala Pizza
(415) 566-6455		4097 19th Ave
San Francisco, CA Map	

 
Dino's Pizza
(415) 922-4700 Wi-Fi Hotspot  Write a Review	2101 Fillmore St
San Francisco, CA Map	      

 
Domino's Pizza
(415) 681-8100  Write a Review	3116 Noriega St
San Francisco, CA Map	

 
Domino's Pizza
(415) 593-9300  Write a Review	1408 Fillmore St
San Francisco, CA Map	

 
Domino's Pizza
(415) 387-3030 Web Site  Write a Review		5200 Geary Blvd
San Francisco, CA Map	 


Domino's Pizza
(415) 647-8400  Write a Review	320 Bayshore Blvd # B
San Francisco, CA Map	

 
Domino's Pizza
(415) 586-9400		
San Francisco, CA Map	

 
Domino's Pizza
(415) 776-0400  Write a Review	876 Geary St
San Francisco, CA Map	

 
Eagle Pizzeria
(415) 566-3113  Write a Review	1712 Taraval St
San Francisco, CA Map	

 
Ernestos Restaurant
(415) 386-1446  Write a Review	2301 Clement St
San Francisco, CA Map	

 
Escape From New York Pizza
(415) 421-0700  Write a Review	333 Bush St
San Francisco, CA Map	

 
Escape From New York Pizza
(415) 252-1515  Write a Review	508 Castro St
San Francisco, CA Map	

 
Escape From New York Pizza
(415) 668-5577  Write a Review	1737 Haight St
San Francisco, CA Map	

 
Extreme Pizza
(415) 929-8234 Web Site  Write a Review		1980 Union St
San Francisco, CA Map	 

 
Extreme Pizza
(415) 701-9000 Web Site  Write a Review		1052 Folsom St
San Francisco, CA Map	 

 
Extreme Pizza
(650) 992-9800  Write a Review	3911 Alemany Blvd
San Francisco, CA Map	

 
Extreme Pizza
(415) 929-9900 Web Site  Write a Review		1730 Fillmore St
San Francisco, CA Map	 

 
Fat Slice Pizza
(415) 552-4200  Write a Review	1535 Haight St
San Francisco, CA Map	

 
Fisherman's Pizzeria
(415) 928-2998  Write a Review	2800 Leavenworth St # 50
San Francisco, CA Map	

 
Food All The Time Inc
(415) 334-0962  Write a Review	1934 Ocean Ave
San Francisco, CA Map	

 
Front Room
(415) 771-1591  Write a Review	1500 California St
San Francisco, CA Map	

 
Gaspare Pizza House & Italian
(415) 387-5025  Write a Review	5546 Geary Blvd
San Francisco, CA Map	

 
Geary Street Pizza
(415) 668-7600  Write a Review	4124 Geary Blvd
San Francisco, CA Map	

 
Geno's Pizza
(415) 922-0202  Write a Review	421 Beach St
San Francisco, CA Map	

 
Giorgio's Pizzeria
(415) 668-1266  Write a Review	151 Clement St
San Francisco, CA Map	

 
Giovanni's Pizzeria & Italian
(415) 647-6122  Write a Review	3839 Mission St
San Francisco, CA Map	

 
Go Getters Pizza
(415) 621-1401  Write a Review	69 Gough St
San Francisco, CA Map	

 
Goat Hill Pizza
(415) 974-1303  Write a Review	715 Harrison St
San Francisco, CA Map	

 
Goat Hill Pizza
(415) 641-1440 Web Site  Write a Review		300 Connecticut St
San Francisco, CA Map	 

 
Golden Boy Pizza-Sodini's
(415) 982-9738  Write a Review	542 Green St
San Francisco, CA Map	

 
Golden Boy Wholesale Pizza Co
(415) 334-5700  Write a Review	4531 Mission St
San Francisco, CA Map	

 
Golden Gate Pizza & Indian
(415) 564-5514  Write a Review	1388 46th Ave
San Francisco, CA Map	

 
Greco-Romana Pizza Caffe
(415) 387-0626  Write a Review	2448 Clement St
San Francisco, CA Map	

 
Haystack Pizza Restaurant
(415) 647-1929  Write a Review	3881 24th St
San Francisco, CA Map	

 
House Of Prime Rib
(415) 885-4605 Web Site  Write a Review		1906 Van Ness Ave
San Francisco, CA Map	 

 
Iriving Pizza
(415) 771-0110  Write a Review	928 Geary St
San Francisco, CA Map	

 
It's A Classic Pizza Cafe
(415) 398-3100  Write a Review	444 Commercial St
San Francisco, CA Map	

 
Kimi's Pizza
(415) 956-1044  Write a Review	308 Kearny St
San Francisco, CA Map	

 
Little Joe's Pizzeria Rstrnt
(415) 239-8903  Write a Review	5006 Mission St
San Francisco, CA Map	


Little Star Pizza Llc
(415) 441-1118  Write a Review	846 Divisadero St
San Francisco, CA Map	

 
Marcello's Pizza
(415) 863-3900  Write a Review	420 Castro St
San Francisco, CA Map	

 
Milano Pizzeria
(415) 665-3773  Write a Review	1330 9th Ave
San Francisco, CA Map	

 
Mn
(415) 647-1664  Write a Review	3898 24th St
San Francisco, CA Map	

 
Monterey Pizza
(415) 585-5858  Write a Review	599 Monterey Blvd
San Francisco, CA Map	

 
Mozzarella Di Bufala Pizzeria
(415) 346-9888 Web Site  Write a Review		1529 Fillmore St
San Francisco, CA Map	 

 
Mozzarella Di Bufala Pizzeria
(415) 661-8900 Web Site  Write a Review		69 W Portal Ave
San Francisco, CA Map	 

 
Mr Pizza Man
(415) 585-5554  Write a Review	1934 Ocean Ave
San Francisco, CA Map	

 
Mr Pizza Man
(415) 550-3320  Write a Review	425 Barneveld Ave
San Francisco, CA Map	

 
Mr Pizza Man
(415) 387-3131  Write a Review	3409 Geary Blvd
San Francisco, CA Map	

 
Mythic Pizza
(415) 864-1999  Write a Review	551 Haight St
San Francisco, CA Map	

 
Napoli Pizza
(415) 885-2222  Write a Review	1045 Polk St
San Francisco, CA Map	

 
Nizario's Pizza
(415) 487-0777  Write a Review	4077 18th St
San Francisco, CA Map	

 
Nizario's Pizza
(415) 752-7777 Web Site  Write a Review		3840 Geary Blvd
San Francisco, CA Map	 

 
North Beach Pizza
(415) 751-2300  Write a Review	800 Stanyan St
San Francisco, CA Map	

 
North Beach Pizza
(415) 586-1400  Write a Review	4787 Mission St
San Francisco, CA Map	

 
North Beach Pizza
(415) 242-9100  Write a Review	3054 Taraval St
San Francisco, CA Map	


North Beach Pizza
(415) 433-2444 Web Site  Write a Review		1499 Grant Ave
San Francisco, CA Map	 

 
North Beach Pizza
(415) 433-0400  Write a Review	39 Pier # M211
San Francisco, CA Map	

 
North Beach Pizza
(415) 433-2444  Write a Review	1310 Grant Ave
San Francisco, CA Map	

 
Ocean Pizza Restaurant
(415) 586-3045  Write a Review	1443 Ocean Ave
San Francisco, CA Map	

 
Ocean Taqueria
(415) 346-3515  Write a Review	1836 Divisadero St # 2
San Francisco, CA Map	

 
Panhandle Pizza Co
(415) 750-0400 Web Site  Write a Review		2077 Hayes St
San Francisco, CA Map	 

 
Papa Potrero's Pizza
(415) 647-6685  Write a Review	2700 24th St
San Francisco, CA Map	

 
Parkway Pizza
(415) 781-1300  Write a Review	5 Embarcadero Ctr
San Francisco, CA Map	

 
Pasquale's Pizzeria Restaurant
(415) 661-2140  Write a Review	700 Irving St
San Francisco, CA Map	

 
Patxi's Chicago Pizza
(415) 558-9991  Write a Review	511 Hayes St
San Francisco, CA Map	

 
Pauline's Pizza Pie
(415) 552-2050  Write a Review	260 Valencia St
San Francisco, CA Map	

 
Piccolo Pizza
(415) 409-3300  Write a Review	799 Ofarrell St
San Francisco, CA Map	

 
Pickapizza.com
(415) 286-6022  Write a Review	663 Valencia St
San Francisco, CA Map	

 
Pirro's Pizzeria
(415) 731-4545  Write a Review	2244 Taraval St
San Francisco, CA Map	

 
Pizza 2000
(415) 922-3444  Write a Review	491 Ofarrell St
San Francisco, CA Map	

 
Pizza Express
(415) 282-2333  Write a Review	919 Cortland Ave
San Francisco, CA Map	

 
Pizza Hut
(415) 928-4300 Web Site  Write a Review		728 Geary St
San Francisco, CA Map	 


Greco-Romana Pizza Caffe
(415) 387-0626  Write a Review	2448 Clement St
San Francisco, CA Map	

 
Gyro Kebab
(415) 775-5526  Write a Review	637 Larkin St
San Francisco, CA Map	

 
Myconos Restaurant
(415) 775-7949  Write a Review	1431 Polk St
San Francisco, CA Map	

 
Yianni's
(415) 647-3200 Web Site  Write a Review		1708 Church St
San Francisco, CA Map	 


21st Amendment Brewery Cafe
(415) 369-0900 Wi-Fi Hotspot  Write a Review	563 2nd St
San Francisco, CA Map	      

 
Beach Chalet Brewery & Rstrnt
(415) 386-8439 Web Site		1000 Great Hwy
San Francisco, CA Map		

 
E & O Trading Co
(415) 693-0303 Web Site Make a Reservation   Write a Review	314 Sutter St
San Francisco, CA Map	

 
Eldo's Grill & Microbrewery
(415) 564-0425  Write a Review	1326 9th Ave
San Francisco, CA Map	

 
Gordon Biersch Brewing Rstrnt
(415) 243-8246 Make a Reservation   Write a Review	2 Harrison St
San Francisco, CA Map		    

 
Park Chalet Garden Restaurant
(415) 386-8439  Write a Review	1000 Great Hwy
San Francisco, CA Map	

 
San Francisco Brewing Co
(415) 434-3344 Web Site  Write a Review		155 Columbus Ave
San Francisco, CA Map	 


3300-3308 Mission St Llc
(415) 648-0799  Write a Review	3308 Mission St
San Francisco, CA Map	

 
Aarti Hotel
(415) 775-3894  Write a Review	864 Ellis St
San Francisco, CA Map	

 
Aarti Hotel
(415) 885-0757  Write a Review	391 Leavenworth St
San Francisco, CA Map	

 
Abby Hotel
(415) 567-6666  Write a Review	630 Geary St
San Francisco, CA Map	

 
Abigail Hotel
(415) 861-9728 Make a Reservation   Write a Review	246 Mcallister St
San Francisco, CA Map		    

 
Absolutely Accomodations
(415) 677-9789  Write a Review	PO Box 330298
San Francisco, CA Map	

 
Acer Hotel
(415) 956-9939  Write a Review	280 Ofarrell St
San Francisco, CA Map	

 
Adante Hotel
(415) 673-9221 Web Site  Write a Review		610 Geary St
San Francisco, CA Map	 

 
Admiral Hotel
(415) 885-4989  Write a Review	608 Ofarrell St
San Francisco, CA Map	

 
Aida Hotel
(415) 863-4141  Write a Review	1087 Market St
San Francisco, CA Map	

 
Air Travel Hotel
(415) 771-3000 Web Site  Write a Review		655 Ellis St
San Francisco, CA Map	 

 
Albergo Hotel Verona
(415) 775-1641  Write a Review	317 Leavenworth St
San Francisco, CA Map	

 
Albert Hotel
(415) 621-9448  Write a Review	2135 Mission St
San Francisco, CA Map	

 
Albion House
(415) 621-0896 Read Reviews   Write a Review	135 Gough St
San Francisco, CA Map	      

 
Aldrich Hotel
(415) 885-6604  Write a Review	439 Jones St
San Francisco, CA Map	

 
Alexander Inn & Suites
(415) 928-6800  Write a Review	415 Ofarrell St
San Francisco, CA Map	

 
All Star Hotel
(415) 876-4569  Write a Review	626 27th Ave
San Francisco, CA Map	

 
All Star Hotel
(415) 861-2496  Write a Review	2791 16th St
San Francisco, CA Map	

 
Allen Hotel
(415) 552-1641  Write a Review	1693 Market St
San Francisco, CA Map	

 
Allstar Hotel
(415) 503-1853		2791 16th St
San Francisco, CA Map	


Altamont Hotel
(415) 861-7099  Write a Review	3048 16th St
San Francisco, CA Map	

 
Amazon Motel
(415) 334-1533  Write a Review	5060 Mission St
San Francisco, CA Map	

 
Ambassador Hotel
(415) 776-7666  Write a Review	55 Mason St
San Francisco, CA Map	

 
America Hotel
(415) 771-3329  Write a Review	1075 Post St
San Francisco, CA Map	

 
America's Best Inns & Suites
(415) 567-2425  Write a Review	2707 Lombard St
San Francisco, CA Map	

 
America's Best Inns & Suites
(415) 776-3220 Make a Reservation   Write a Review	2850 Van Ness Ave
San Francisco, CA Map		    

 
Andrews Hotel
(415) 563-6877 Web Site Make a Reservation   Write a Review	624 Post St
San Francisco, CA Map	

 
Ansonia Hotel
(415) 673-2670  Write a Review	711 Post St
San Francisco, CA Map	

 
Apollo
(415) 437-2868  Write a Review	420 Valencia St
San Francisco, CA Map	

 
Archbishop's Mansion
(415) 563-7872 Make a Reservation   Write a Review	1000 Fulton St
San Francisco, CA Map		    

 
Argent Hotel San Francisco
(415) 974-6400 Web Site Make a Reservation   Write a Review	50 3rd St
San Francisco, CA Map	

 
Argonaut Hotel
(415) 563-0800 Make a Reservation   Write a Review	495 Jefferson St
San Francisco, CA Map		    

 
Artists Inn
(415) 346-1919  Write a Review	2231 Pine St
San Francisco, CA Map	

 
Artmar Hotel
(415) 441-9899  Write a Review	433 Ellis St
San Francisco, CA Map	

 
Ascot Hotel
(415) 864-9034  Write a Review	1657 Market St
San Francisco, CA Map	

 
Balboa Hotel
(415) 441-9136  Write a Review	120 Hyde St
San Francisco, CA Map	

 
Baldwin Hotel
(415) 781-2220 Web Site Make a Reservation   Write a Review	321 Grant Ave
San Francisco, CA Map	

 
Baldwin House
(415) 621-1234  Write a Review	74 6th St
San Francisco, CA Map	

 
Balmoral North #2
(415) 395-9757  Write a Review	668 Clay St
San Francisco, CA Map	

 
Balmoral Residence Club
(415) 673-5070  Write a Review	1010 Bush St
San Francisco, CA Map	


Basque Hotel
(415) 398-1359  Write a Review	15 Romolo Pl
San Francisco, CA Map	

 
Bay Bridge Inn
(415) 397-0657  Write a Review	966 Harrison St
San Francisco, CA Map	

 
Beach Motel
(415) 681-6618 Web Site  Write a Review		4211 Judah St
San Francisco, CA Map	 

 
Beck Motor Lodge
(415) 621-8212  Write a Review	2222 Market St
San Francisco, CA Map	

 
Bel Air Hotel
(415) 771-3460  Write a Review	344 Jones St
San Francisco, CA Map	

 
Beresford Arms Hotel
(415) 673-2600 Make a Reservation   Write a Review	701 Post St
San Francisco, CA Map		    

 
Beresford Hotel
(415) 673-9900 Web Site Make a Reservation   Write a Review	635 Sutter St
San Francisco, CA Map	

 
Best Western Inn
(415) 552-8600 Make a Reservation   Write a Review	140 7th St
San Francisco, CA Map		    

 
Best Western Inn
(415) 921-4000 Make a Reservation	1800 Sutter St
San Francisco, CA Map			

 
Best Western Inn
(415) 621-0701 Make a Reservation   Write a Review	114 7th St
San Francisco, CA Map		    

 
Best Western Inn
(415) 621-2826 Make a Reservation	364 9th St
San Francisco, CA Map			

 
Best Western Intl Inc
(415) 626-0200 Make a Reservation   Write a Review	121 7th St
San Francisco, CA Map		    

 
Biltmore Hotel
(415) 673-4241  Write a Review	735 Taylor St
San Francisco, CA Map	

 
Boyd Hotel
(415) 621-1046  Write a Review	41 Jones St
San Francisco, CA Map	

 
Bridge Motel
(415) 292-6625  Write a Review	2524 Lombard St
San Francisco, CA Map	

 
Bristol Hotel
(415) 296-0980  Write a Review	56 Mason St
San Francisco, CA Map	

 
Britton Hotel
(415) 621-7001 Make a Reservation   Write a Review	112 7th St
San Francisco, CA Map		    

 
Broadmoor
(415) 771-9119 Web Site  Write a Review		1499 Sutter St
San Francisco, CA Map	 

 
Broadway Manor Inn
(415) 776-7900 Make a Reservation   Write a Review	2201 Van Ness Ave
San Francisco, CA Map		    

 
Buena Vista Motor Inn
(415) 923-9600 Make a Reservation   Write a Review	1599 Lombard St
San Francisco, CA Map		    


Cable Car Court
(415) 346-5219  Write a Review	1499 California St
San Francisco, CA Map	

 
Cable Car Hotel
(415) 441-9857  Write a Review	1388 California St
San Francisco, CA Map	

 
Cadillac Hotel
(415) 673-7223  Write a Review	380 Eddy St
San Francisco, CA Map	

 
Caldrake Hotel
(415) 771-5153  Write a Review	1541 California St
San Francisco, CA Map	

 
California Hotel
(415) 440-4775  Write a Review	910 Geary St
San Francisco, CA Map	

 
California Reservations
(415) 252-1107  Write a Review	1169 Howard St
San Francisco, CA Map	

 
Cambridge Residence Support
(415) 292-6141  Write a Review	473 Ellis St
San Francisco, CA Map	

 
Camelot Hotel
(415) 359-9401  Write a Review	124 Turk St
San Francisco, CA Map	

 
Campton Place Hotel
(415) 781-5555 Web Site Make a Reservation	340 Stockton St
San Francisco, CA Map	

 
Capri Motel
(415) 346-4667  Write a Review	2015 Greenwich St
San Francisco, CA Map	

 
Carl Hotel
(415) 661-5679 Web Site Read Reviews   Write a Review	198 Carl St # 109
San Francisco, CA Map	

 
Cartwright Hotel
(415) 421-2865 Web Site Make a Reservation   Write a Review	524 Sutter St
San Francisco, CA Map	

 
Casa Melissa
(415) 391-8365  Write a Review	615 Union St
San Francisco, CA Map	

 
Casa Playa Residential Hotel
(415) 398-9073  Write a Review	1316 Stockton St
San Francisco, CA Map	

 
Casa Valencia
(415) 552-0825  Write a Review	504 Valencia St
San Francisco, CA Map	

 
Castle Inn Motel
(415) 441-1155 Make a Reservation   Write a Review	1565 Broadway
San Francisco, CA Map		    

 
Castro Hotel
(415) 788-9709  Write a Review	705 Vallejo St
San Francisco, CA Map	

 
Cathedral Hill Hotel
(415) 776-8200 Web Site Make a Reservation	1101 Van Ness Ave
San Francisco, CA Map	

 
Chancellor Hotel
(415) 362-2004 Make a Reservation   Write a Review	433 Powell St
San Francisco, CA Map		    

 
Chase Hotel
(415) 861-9720  Write a Review	1278 Market St
San Francisco, CA Map	


Chateau Tivoli Bed & Breakfast
(415) 776-5462 Web Site Make a Reservation   Write a Review	1057 Steiner St
San Francisco, CA Map	

 
Chelsea Motor Inn
(415) 563-5600 Web Site Read Reviews   Write a Review	2095 Lombard St
San Francisco, CA Map	

 
City Housing Vincent Hotel
(415) 346-1733  Write a Review	459 Turk St
San Francisco, CA Map	

 
Civic Center Hotel
(415) 861-2373  Write a Review	20 12th St
San Francisco, CA Map	

 
Civic Center Inn
(415) 775-7612  Write a Review	790 Ellis St
San Francisco, CA Map	

 
Civic Center Motor Inn
(415) 621-2826  Write a Review	364 9th St
San Francisco, CA Map	

 
Civic Center Residence
(415) 431-2870  Write a Review	44 Mcallister St
San Francisco, CA Map	

 
Clayton Hotel
(415) 362-9988  Write a Review	657 Clay St
San Francisco, CA Map	

 
Clift
(415) 775-4700 Web Site Make a Reservation   Write a Review	495 Geary St
San Francisco, CA Map	

 
Club Quarters
(415) 392-7400  Write a Review	424 Clay St
San Francisco, CA Map	

 
Coast Hotel
(415) 474-5330  Write a Review	516 Ofarrell St
San Francisco, CA Map	

 
Columbia Hotel
(415) 673-8007  Write a Review	411 Ofarrell St
San Francisco, CA Map	

 
Columbus Hotel
(415) 399-0309  Write a Review	354 Columbus Ave
San Francisco, CA Map	

 
Columbus Motor Inn
(415) 885-1492  Write a Review	1075 Columbus Ave
San Francisco, CA Map	

 
Comfort Inn
(415) 673-0411  Write a Review	825 Polk St
San Francisco, CA Map	

 
Comfort Inn
(415) 928-5000 Make a Reservation   Write a Review	2775 Van Ness Ave
San Francisco, CA Map		    

 
Cornell Hotel De France
(415) 421-3154 Web Site Read Reviews   Write a Review	715 Bush St
San Francisco, CA Map	

 
Courtyard-San Francisco Dwntwn
(415) 947-0700 Wi-Fi Hotspot  Write a Review	299 2nd St
San Francisco, CA Map	      

 
Courtyard-San Francisco Fsm Wf
(415) 775-3800  Write a Review	580 Beach St
San Francisco, CA Map	

 
Cousteau Fiji Resort
(415) 788-5794  Write a Review	921 Front St # 200
San Francisco, CA Map	


Bean Scene Cafe
(650) 903-4871  Write a Review	500 Castro St
Mountain View, CA Map	

 
Clocktower Coffee Roasting Co
(650) 210-8032  Write a Review	205 E Middlefield Rd # 1
Mountain View, CA Map	

 
Dana Street Roasting Co
(650) 390-9638 Wi-Fi Hotspot  Write a Review	744 W Dana St
Mountain View, CA Map	      

 
Global Blends Coffee Co
(650) 247-1110	     650 Castro St
Mountain View, CA Map	 

 
Krispy Kreme Doughnuts
(650) 254-1231  Write a Review	2146 Leghorn St
Mountain View, CA Map	

 
Mountview Tea Village
(650) 988-1939  Write a Review	275 Castro St
Mountain View, CA Map	

 
Red Rock Coffee Co
(650) 967-4473  Write a Review	201 Castro St
Mountain View, CA Map	

 
Starbucks
(650) 938-3744 Web Site Wi-Fi Hotspot  Write a Review	809 Cuesta Dr # A
Mountain View, CA Map	

 
Starbucks
(650) 564-9255 Wi-Fi Hotspot  Write a Review	750 Castro St
Mountain View, CA Map	      

 
Starbucks
(650) 903-5850  Write a Review	1750 Miramonte Ave
Mountain View, CA Map	

 
Starbucks
(650) 254-8929 Web Site Wi-Fi Hotspot  Write a Review	1037 El Monte Ave
Mountain View, CA Map	

 
Sufi Coffee Shop
(650) 962-9923  Write a Review	815 W El Camino Real
Mountain View, CA Map	

 
Tea Era
(650) 969-2899  Write a Review	271 Castro St
Mountain View, CA Map	

 
Coupa Cafe
(650) 322-6872  Write a Review	538 Ramona St
Palo Alto, CA Map     

 
Espresso Bettola Coffee House
(650) 324-3113  Write a Review	115 Hamilton Ave
Palo Alto, CA Map     

 
Eve Espresso
(650) 493-5357  Write a Review	3400 Hillview Ave
Palo Alto, CA Map     

 
Peet's Coffee & Tea
(650) 433-0500  Write a Review	3904 Middlefield Rd
Palo Alto, CA Map     

 
Peet's Coffee & Tea
(650) 325-2091 Web Site  Write a Review		153 Homer Ave
Palo Alto, CA Map  

 
Peet's Coffee & Tea
(650) 328-4771 Web Site  Write a Review		855 El Camino Real # 77
Palo Alto, CA Map  

 
Starbucks
(650) 320-8125 Wi-Fi Hotspot  Write a Review	2000 El Camino Real
Palo Alto, CA Map    

 
Starbucks
(650) 329-9568 Wi-Fi Hotspot  Write a Review	2775 Middlefield Rd
Palo Alto, CA Map    

 
Starbucks
(650) 330-0754  Write a Review	180 El Camino Real
Palo Alto, CA Map     

 
Starbucks
(650) 321-8600 Wi-Fi Hotspot  Write a Review	276 University Ave
Palo Alto, CA Map    

 
Starbucks
(650) 843-1376  Write a Review	4131 El Camino Real
Palo Alto, CA Map     

 
Starbucks
(650) 324-2021  Write a Review	361 California Ave
Palo Alto, CA Map     

 
4th Connection Consulting
(650) 323-4444  Write a Review	3350 Birch St
Palo Alto, CA Map     

 
Applications Research
(650) 856-8051  Write a Review	PO Box 60231
Palo Alto, CA Map     

 
Ashford Group
(650) 813-1225  Write a Review	1263 Stanford Ave
Palo Alto, CA Map     

 
Aurora Group III Inc
(650) 325-1823  Write a Review	4090 Amaranta Ave
Palo Alto, CA Map     

 
Axiom Software
(949) 498-1462  Write a Review	2721 Midtown Ct # 108
Palo Alto, CA Map     

 
Beckett Pc Solutions
(650) 494-6922  Write a Review	4189 Baker Ave
Palo Alto, CA Map     

 
Breon Consulting-3000
(650) 941-8525  Write a Review	4182 Manuela Ave
Palo Alto, CA Map     

 
C & J Intl
(650) 494-8920  Write a Review	17 Roosevelt Cir
Palo Alto, CA Map     

 
Cambria Corp
(650) 328-9270 Web Site  Write a Review		636 Waverley St
Palo Alto, CA Map  

 
Cooper Interaction Design
(650) 855-0250  Write a Review	2345 Yale St
Palo Alto, CA Map     

 
Cyberdynamics Inc
(650) 856-6188  Write a Review	1860 Embarcadero Rd
Palo Alto, CA Map     

 
Db Tech Consultants
(650) 327-2369  Write a Review	855 El Camino Real # 103
Palo Alto, CA Map     

 
Digeo Interactive
(650) 838-5500  Write a Review	529 Bryant St
Palo Alto, CA Map     

 
Dinwiddie Associates Inc
(650) 224-3195 Web Site  Write a Review		543 Jackson Dr
Palo Alto, CA Map  

 
Dyna Media
(650) 853-0649  Write a Review	
Palo Alto, CA Map     

 
Ejm Networks Llc
(650) 269-4987		
Palo Alto, CA Map	

 
Finnovative
(650) 812-1100  Write a Review	953 Industrial Ave # 127
Palo Alto, CA Map     

 
First Sales
(650) 327-3935 Web Site  Write a Review		1 Somerset Pl
Palo Alto, CA Map  

 
H S Consultants Inc
(650) 856-8900  Write a Review	450 San Antonio Ave
Palo Alto, CA Map     

 
Hutchins Systems Inc
(650) 328-0671  Write a Review	2555 Park Blvd
Palo Alto, CA Map     


Inform Systems
(650) 323-4901 Web Site  Write a Review		1403 Dana Ave
Palo Alto, CA Map  

 
Integrated Archive Systems
(650) 390-9995 Web Site  Write a Review		1121 San Antonio Rd
Palo Alto, CA Map  

 
Jungle Digital Imaging
(650) 326-7622  Write a Review	542 High St
Palo Alto, CA Map     

 
Krystal Box Technologies
(650) 497-9757  Write a Review	555 Bryant St Pmb 359
Palo Alto, CA Map     

 
Lightline Software Inc
(650) 739-0511  Write a Review	2390 El Camino Real
Palo Alto, CA Map     

 
Lynx Consulting
(650) 327-3096  Write a Review	425 Sherman Ave # 230
Palo Alto, CA Map     

 
March Robert
(650) 493-8607  Write a Review	
Palo Alto, CA Map     

 
Maxi Harper Graphics
(650) 320-8191  Write a Review	3433 Ashton Ct
Palo Alto, CA Map     

 
Michael Patrick Partners
(650) 327-3185 Web Site  Write a Review		532 Emerson St
Palo Alto, CA Map  

 
Mick Group
(650) 856-3666 Web Site  Write a Review		2130 Hanover St
Palo Alto, CA Map  

 
Muse Assoc
(650) 322-9075 Web Site  Write a Review		480 N California Ave
Palo Alto, CA Map  

 
Network Wizards
(650) 326-2060  Write a Review	
Palo Alto, CA Map     

 
Neural Systems Corp
(650) 856-1856  Write a Review	336 Iris Way
Palo Alto, CA Map     

 
Ogis International Inc
(650) 462-4940  Write a Review	444 High St # 200
Palo Alto, CA Map     

 
Olliance Group
(650) 493-3800  Write a Review	855 Clara Dr
Palo Alto, CA Map     

 
Plus Five Consulting
(650) 852-9675 Web Site  Write a Review		990 Amarillo Ave
Palo Alto, CA Map  

 
Polished Pixels
(650) 858-2218  Write a Review	3288 Clifton Ct
Palo Alto, CA Map     

 
Sanders Data Systems Llc
(650) 857-0455 Web Site  Write a Review		3980 Bibbits Dr
Palo Alto, CA Map  

 
Spellbinder Systems Group
(650) 326-6478  Write a Review	2626 Waverley St
Palo Alto, CA Map     

 
Styrax Statistical Programming
(650) 739-0900  Write a Review	
Palo Alto, CA Map     


Acqis Technology Inc
(650) 938-8198 Web Site  Write a Review		1621 W El Camino Real
Mountain View, CA Map	 

 
Acuitus
(650) 960-0200 Web Site  Write a Review		650 Castro St # 280
Mountain View, CA Map	 

 
Ana Praxis Inc
(650) 965-2424  Write a Review	2680 Bayshore Pkwy # 110
Mountain View, CA Map	

 
Bt Americas Inc
(650) 966-6300  Write a Review	520 Clyde Ave
Mountain View, CA Map	

 
Caci Inc
(650) 496-2400  Write a Review	2570 W El Camino Real # 600
Mountain View, CA Map	

 
Computer Graphics Systems Dev
(650) 903-4920 Web Site  Write a Review		2483 Old Middlefield Way # 140
Mountain View, CA Map	 

 
Computer Network Svc
(650) 326-6112  Write a Review	2685 Marine Way # 1220
Mountain View, CA Map	

 
D Bergman Consulting
(510) 490-3140  Write a Review	537 Piazza Dr
Mountain View, CA Map	

 
Deliberate Dot Com
(650) 965-7121  Write a Review	
Mountain View, CA Map	

 
Digital Keystone Inc
(650) 938-7300  Write a Review	1975 W El Camino Real # 306
Mountain View, CA Map	

 
Dvd Factor
(650) 938-8100  Write a Review	2224 Old Middlefield Way
Mountain View, CA Map	

 
Elit Litigation Solutions Inc
(650) 691-4500  Write a Review	1160 Terra Bella Ave
Mountain View, CA Map	

 
Expert Support Inc
(650) 941-9778 Web Site  Write a Review		201 San Antonio Cir
Mountain View, CA Map	 

 
Expetec Of Mountain View
(650) 254-1678  Write a Review	206 Central Ave
Mountain View, CA Map	

 
Fake Space Labs
(650) 688-1940 Web Site  Write a Review		241 Polaris Ave
Mountain View, CA Map	 

 
Fakespace Inc
(650) 526-3970  Write a Review	241 Polaris Ave
Mountain View, CA Map	

 
Global System Svc
(650) 965-8669  Write a Review	650 Castro St # 120-268
Mountain View, CA Map	

 
Great Circle Assoc
(650) 962-0841  Write a Review	1250 W Dana St
Mountain View, CA Map	

 
Guzik Technical Enterprises
(650) 625-8000 Web Site  Write a Review		2443 Wyandotte St
Mountain View, CA Map	 

 
Hula Networks
(650) 625-9560  Write a Review	340 E Middlefield Rd
Mountain View, CA Map	


Inetd.com
(650) 961-6631 Web Site  Write a Review		1309 Nilda Ave
Mountain View, CA Map	 

 
J P Digital Imaging Inc
(650) 965-0803 Web Site  Write a Review		230 Polaris Ave
Mountain View, CA Map	 

 
Jake Computer Svc
(650) 966-1900  Write a Review	996 El Monte Ave
Mountain View, CA Map	

 
Jasper Design Automation
(650) 625-9831  Write a Review	100 View St
Mountain View, CA Map	

 
Jps Computer Solutions
(916) 681-1032  Write a Review	1130 Independence Ave
Mountain View, CA Map	

 
Kelut Digital Design Svc
(650) 960-6806 Web Site  Write a Review		145 Eldora Dr
Mountain View, CA Map	 

 
Kim Enterprises
(650) 967-3107  Write a Review	2291 Mora Dr
Mountain View, CA Map	

 
Kompass Integrated Solutions
(650) 938-5667  Write a Review	2083 Old Middlefield Way # 202
Mountain View, CA Map	

 
Laser Card Systems
(650) 969-6839  Write a Review	2644 Bayshore Pkwy
Mountain View, CA Map	

 
Lucena Systems
(650) 428-0664 Web Site  Write a Review		
Mountain View, CA Map	 

 
Mark Lowman Consulting
(650) 903-9679  Write a Review	1777 Morgan St
Mountain View, CA Map	

 
Megabase Inc
(650) 930-3300  Write a Review	
Mountain View, CA Map	

 
Msa Systems
(650) 961-9000		2594 Leghorn St
Mountain View, CA Map	

 
New Hampton Grp
(650) 967-3543 Web Site  Write a Review		3379 Brower Ave
Mountain View, CA Map	 

 
On Track Inc
(650) 961-8066  Write a Review	
Mountain View, CA Map	

 
Opt I Technol
(650) 625-8787  Write a Review	880 Maude Ave # A
Mountain View, CA Map	

 
Peninsula Digital Imaging
(650) 967-1966 Web Site  Write a Review		599 Fairchild Dr
Mountain View, CA Map	 

 
Proteus Graphics
(650) 968-2766  Write a Review	2444 Old Middlefield Way # J
Mountain View, CA Map	

 
R & K Assoc
(650) 961-3343  Write a Review	438 Bryant Ave
Mountain View, CA Map	

 
Sbf Consulting
(650) 962-1746  Write a Review	1804 N Shoreline Blvd
Mountain View, CA Map	


Scotcrest Group
(650) 949-4067  Write a Review	
Mountain View, CA Map	

 
Siler Associates
(650) 941-2880  Write a Review	2570 W El Camino Real
Mountain View, CA Map	

 
Sosnow Associates
(650) 968-4688  Write a Review	931 Trophy Dr
Mountain View, CA Map	

 
Source Quest Inc
(650) 960-0190  Write a Review	468 Whisman Park Dr
Mountain View, CA Map	

 
Sysorex
(650) 967-2200 Web Site  Write a Review		335 E Middlefield Rd
Mountain View, CA Map	 

 
Tenison Eda
(650) 938-0307  Write a Review	2685 Marine Way
Mountain View, CA Map	

 
Tla Consulting
(650) 968-5994  Write a Review	1352 Park Dr
Mountain View, CA Map	

 
Volt Services Group
(650) 691-9040  Write a Review	100 View St # 204
Mountain View, CA Map	

 
W H Networks
(650) 390-9316 Web Site  Write a Review		2672 Bayshore Pkwy # 503
Mountain View, CA Map	 


Simply Hired, Inc.
(650) 254-9000 Web Site  Write a Review         2513 Charleston Rd.
Mountain View, CA Map


